Results_Name,Wing_Form_Factor
Results_Timestamp,1710806100
Results_Date,3,18,2024
Results_Time,18,55,0
Covert,1.000000000000000000e+00,1.001854271413092246e+00,1.003708543614502124e+00,1.005562818631331901e+00,1.007417099842084607e+00,1.009271391976666044e+00,1.011125701116382558e+00,1.012980034693942155e+00,1.014834401493454275e+00,1.016688811650430235e+00,1.018543276651781904e+00,1.020397809335823691e+00,1.022252423892270778e+00,1.024107135862240003e+00,1.025961962138249417e+00,1.027816920964219172e+00,1.029672031935470189e+00,1.031527315998724825e+00,1.033382795452108205e+00,1.035238493945144889e+00,1.037094436478762649e+00,1.038950649405289584e+00,1.040807160428455891e+00,1.042663998603392761e+00,1.044521194336633485e+00,1.046378779386112345e+00,1.048236786861164838e+00,1.050095251222528558e+00,1.051954208282342318e+00,1.053813695204145917e+00,1.055673750502881703e+00,1.057534414044892124e+00,1.059395727047922398e+00,1.061257732081118288e+00,1.063120473065027438e+00,1.064983995271598483e+00,1.066848345324182379e+00,1.068713571197530854e+00,1.070579722217797292e+00,1.072446849062536733e+00,1.074315003760704990e+00,1.076184239692660416e+00,1.078054611590161915e+00,1.079926175536369826e+00,1.081798988965847252e+00,1.083673110664556960e+00,1.085548600769864702e+00,1.087425520770536558e+00,1.089303933506740707e+00,1.091183903170046543e+00,1.093065495303424894e+00,1.094948776801248691e+00,1.096833815909291188e+00,1.098720682224728185e+00,1.100609446696136251e+00,1.102500181623493392e+00,1.104392960658179712e+00,1.106287858802976309e+00,1.108184952412065494e+00,1.110084319191031677e+00,1.111986038196860482e+00,1.113890189837938971e+00,1.115796855874055415e+00,1.117706119416399746e+00,1.119618064927563550e+00,1.121532778221539406e+00,1.123450346463721994e+00,1.125370858170907207e+00,1.127294403211291929e+00,1.129221072804475146e+00,1.131150959521456834e+00,1.133084157284638849e+00,1.135020761367824260e+00,1.136960868396217350e+00,1.138904576346424724e+00,1.140851984546453535e+00,1.142803193675713036e+00,1.144758305765013029e+00,1.146717424196566082e+00,1.148680653703985088e+00,1.150648100372285043e+00,1.152619871637882376e+00,1.154596076288594730e+00,1.156576824463641184e+00,1.158562227653642474e+00,1.160552398700620769e+00,1.162547451797999676e+00,1.164547502490604014e+00,1.166552667674660704e+00,1.168563065597797435e+00,1.170578815859043775e+00,1.172600039408830508e+00,1.174626858548990294e+00,1.176659396932756341e+00,1.178697779564764625e+00,1.180742132801051891e+00,1.182792584349055875e+00,1.184849263267616415e+00,1.186912299966974782e+00,1.188981826208773684e+00,1.191057975106056821e+00,1.193140881123270214e+00,1.195230680076260210e+00,1.197327509132275924e+00,1.199431506809966796e+00,1.201542812979384589e+00,1.203661568861982056e+00,1.205787917030613166e+00,1.207922001409533985e+00,1.210063967274401797e+00,1.212213961252275096e+00,1.214372131321614257e+00,1.216538626812280866e+00,1.218713598405537946e+00,1.220897198134049955e+00,1.223089579381883008e+00,1.225290896884504432e+00,1.227501306728783215e+00,1.229720966352989997e+00,1.231950034546796635e+00,1.234188671451275976e+00,1.236437038558903412e+00,1.238695298713554660e+00,1.240963616110507539e+00,1.243242156296441525e+00,1.245531086169437085e+00,1.247830573978976343e+00,1.250140789325942414e+00,1.252461903162621182e+00,1.254794087792698631e+00,1.257137516871262628e+00,1.259492365404802694e+00,1.261858809751209787e+00,1.264237027619776299e+00,1.266627198071195837e+00,1.269029501517563441e+00,1.271444119722376476e+00,1.273871235800532853e+00,1.276311034218331697e+00,1.278763700793475122e+00,1.281229422695064901e+00,1.283708388443605575e+00,1.286200787911002230e+00,1.288706812320561834e+00,1.291226654246993011e+00,1.293760507616405819e+00,1.296308567706311310e+00,1.298871031145622412e+00,1.301448095914653491e+00,1.304039961345120124e+00,1.306646828120139547e+00,1.309268898274230430e+00,1.311906375193312879e+00,1.314559463614708656e+00,1.317228369627140516e+00,1.319913300670733314e+00,1.322614465537012896e+00,1.325332074368906543e+00,1.328066338660743417e+00,1.330817471258253448e+00,1.333585686358569111e+00,1.336371199510223207e+00,1.339174227613150414e+00,1.341994988918687515e+00,1.344833703029571614e+00,1.347690590899942142e+00,1.350565874835339741e+00,1.353459778492706045e+00,1.356372526880385232e+00,1.359304346358122029e+00,1.362255464637062596e+00,1.365226110779755198e+00,1.368216515200149086e+00,1.371226909663595173e+00,1.374257527286845804e+00,1.377308602538054316e+00,1.380380371236776593e+00,1.383473070553969064e+00,1.386586939011989372e+00,1.389722216484598150e+00,1.392879144196955687e+00,1.396057964725624823e+00,1.399258921998569605e+00,1.402482261295155075e+00,1.405728229246148819e+00,1.408997073833718972e+00,1.412289044391434878e+00,1.415604391604268653e+00,1.418943367508592956e+00,1.422306225492181442e+00,1.425693220294210528e+00,1.429104608005256516e+00,1.432540646067298917e+00,1.436001593273717569e+00,1.439487709769293522e+00,1.442999257050210593e+00,1.446536497964052925e+00,1.450099696709806318e+00,1.453689118837858230e+00,1.457305031249997551e+00
DATCOM,1.241276882662959435e+00,1.243834287435370278e+00,1.246391694164821651e+00,1.248949107883703835e+00,1.251506536979333672e+00,1.254063993193955451e+00,1.256621491624739129e+00,1.259179050723782334e+00,1.261736692298109030e+00,1.264294441509669964e+00,1.266852326875343548e+00,1.269410380266933869e+00,1.271968636911171791e+00,1.274527135389715848e+00,1.277085917639150914e+00,1.279645028950988861e+00,1.282204517971667901e+00,1.284764436702552581e+00,1.287324840499936229e+00,1.289885788075036510e+00,1.292447341493999868e+00,1.295009566177898419e+00,1.297572530902731058e+00,1.300136307799424351e+00,1.302700972353830089e+00,1.305266603406728843e+00,1.307833283153826853e+00,1.310401097145756477e+00,1.312970134288078405e+00,1.315540486841278778e+00,1.318112250420771847e+00,1.320685523996897315e+00,1.323260409894921885e+00,1.325837013795040376e+00,1.328415444732373052e+00,1.330995815096967183e+00,1.333578240633797263e+00,1.336162840442763899e+00,1.338749736978695593e+00,1.341339056051346290e+00,1.343930926825397831e+00,1.346525481820457948e+00,1.349122856911062485e+00,1.351723191326671847e+00,1.354326627651676107e+00,1.356933311825389454e+00,1.359543393142054635e+00,1.362157024250840287e+00,1.364774361155842275e+00,1.367395563216083243e+00,1.370020793145511728e+00,1.372650217013004825e+00,1.375284004242364855e+00,1.377922327612321363e+00,1.380565363256531342e+00,1.383213290663577677e+00,1.385866292676970035e+00,1.388524555495146195e+00,1.391188268671468942e+00,1.393857625114228949e+00,1.396532821086643450e+00,1.399214056206856016e+00,1.401901533447937886e+00,1.404595459137886859e+00,1.407296042959626625e+00,1.410003497951008766e+00,1.412718040504810535e+00,1.415439890368737741e+00,1.418169270645421420e+00,1.420906407792419168e+00,1.423651531622216915e+00,1.426404875302226483e+00,1.429166675354786031e+00,1.431937171657161612e+00,1.434716607441544944e+00,1.437505229295055198e+00,1.440303287159738321e+00,1.443111034332566822e+00,1.445928727465440433e+00,1.448756626565185002e+00,1.451594994993553156e+00,1.454444099467225637e+00,1.457304210057808191e+00,1.460175600191834455e+00,1.463058546650764402e+00,1.465953329570985009e+00,1.468860232443810476e+00,1.471779542115480677e+00,1.474711548787163151e+00,1.477656546014952221e+00,1.480614830709868102e+00,1.483586703137858898e+00,1.486572466919799274e+00,1.489572429031489786e+00,1.492586899803659328e+00,1.495616192921962240e+00,1.498660625426979864e+00,1.501720517714221437e+00,1.504796193534121418e+00,1.507887979992041938e+00,1.510996207548272130e+00,1.514121210018027019e+00,1.517263324571449301e+00,1.520422891733607784e+00,1.523600255384498503e+00,1.526795762759044939e+00,1.530009764447095577e+00,1.533242614393427239e+00,1.536494669897742638e+00,1.539766291614672156e+00,1.543057843553772068e+00,1.546369693079525875e+00,1.549702210911343636e+00,1.553055771123563300e+00,1.556430751145447378e+00,1.559827531761187602e+00,1.563246497109900712e+00,1.566688034685631115e+00,1.570152535337349775e+00,1.573640393268954885e+00,1.577152006039269860e+00,1.580687774562046899e+00,1.584248103105964534e+00,1.587833399294626746e+00,1.591444074106565632e+00,1.595080541875239843e+00,1.598743220289034594e+00,1.602432530391262100e+00,1.606148896580160912e+00,1.609892746608897030e+00,1.613664511585562567e+00,1.617464625973177306e+00,1.621293527589686478e+00,1.625151657607963651e+00,1.629039460555808505e+00,1.632957384315946836e+00,1.636905880126031665e+00,1.640885402578644126e+00,1.644896409621289912e+00,1.648939362556402610e+00,1.653014726041343252e+00,1.657122968088398984e+00,1.661264560064783069e+00,1.665439976692636437e+00,1.669649696049026799e+00,1.673894199565948648e+00,1.678173972030322592e+00,1.682489501583996683e+00,1.686841279723745535e+00,1.691229801301270763e+00,1.695655564523200765e+00,1.700119070951090050e+00,1.704620825501420800e+00,1.709161336445601753e+00,1.713741115409967986e+00,1.718360677375781798e+00,1.723020540679232271e+00,1.727721227011435268e+00,1.732463261418433209e+00,1.737247172301195075e+00,1.742073491415617514e+00,1.746942753872523957e+00,1.751855498137663059e+00,1.756812266031711589e+00,1.761813602730272876e+00,1.766860056763877695e+00,1.771952180017982270e+00,1.777090527732970271e+00,1.782275658504151927e+00,1.787508134281765582e+00,1.792788520370974137e+00,1.798117385431868831e+00,1.803495301479467017e+00,1.808922843883713716e+00,1.814400591369479843e+00,1.819929126016562870e+00,1.825509033259688163e+00,1.831140901888507200e+00,1.836825324047598462e+00,1.842562895236466769e+00,1.848354214309543719e+00,1.854199883476189026e+00,1.860100508300687627e+00,1.866056697702251688e+00,1.872069063955020152e+00,1.878138222688060077e+00,1.884264792885362860e+00,1.890449396885848010e+00,1.896692660383362261e+00,1.902995212426679128e+00,1.909357685419497352e+00,1.915780715120444011e+00,1.922264940643072517e+00,1.928811004455863731e+00,1.935419552382223518e+00,1.942091233600486078e+00,1.948826700643911947e+00,1.955626609400688887e+00,1.962491619113930996e+00,1.969422392381678488e+00
EDET Advanced,1.000000000000000000e+00,1.004403894472361891e+00,1.008807788944723560e+00,1.013211683417085451e+00,1.017615577889447342e+00,1.022019472361809012e+00,1.026423366834170903e+00,1.030827261306532572e+00,1.035231155778894463e+00,1.039635050251256354e+00,1.044038944723618023e+00,1.048442839195979914e+00,1.052846733668341805e+00,1.057250628140703475e+00,1.061654522613065366e+00,1.066058417085427035e+00,1.070462311557788926e+00,1.074866206030150817e+00,1.079270100502512486e+00,1.083673994974874377e+00,1.088077889447236268e+00,1.092481783919597937e+00,1.096885678391959829e+00,1.101289572864321498e+00,1.105693467336683389e+00,1.110097361809045280e+00,1.114501256281406949e+00,1.118905150753768840e+00,1.123309045226130509e+00,1.127712939698492400e+00,1.132116834170854291e+00,1.136520728643215961e+00,1.140924623115577852e+00,1.145328517587939743e+00,1.149732412060301412e+00,1.154136306532663303e+00,1.158540201005025194e+00,1.162944095477386863e+00,1.167347989949748754e+00,1.171751884422110646e+00,1.176155778894472315e+00,1.180559673366834206e+00,1.184963567839196097e+00,1.189367462311557766e+00,1.193771356783919657e+00,1.198175251256281548e+00,1.202579145728643439e+00,1.206983040201005108e+00,1.211386934673367000e+00,1.215790829145728669e+00,1.220194723618090560e+00,1.224598618090452451e+00,1.229002512562814342e+00,1.233406407035176011e+00,1.237810301507537902e+00,1.242214195979899571e+00,1.246618090452261463e+00,1.251021984924623354e+00,1.255425879396985245e+00,1.259829773869346914e+00,1.264233668341708805e+00,1.268637562814070474e+00,1.273041457286432365e+00,1.277445351758794256e+00,1.281849246231156148e+00,1.286253140703517817e+00,1.290657035175879708e+00,1.295060929648241599e+00,1.299464824120603268e+00,1.303868718592965159e+00,1.308272613065327050e+00,1.312676507537688719e+00,1.317080402010050610e+00,1.321484296482412502e+00,1.325888190954774171e+00,1.330292085427136062e+00,1.334695979899497953e+00,1.339099874371859844e+00,1.343503768844221513e+00,1.347907663316583404e+00,1.352311557788945073e+00,1.356715452261306964e+00,1.361119346733668856e+00,1.365523241206030747e+00,1.369927135678392416e+00,1.374331030150754307e+00,1.378734924623115976e+00,1.383138819095477867e+00,1.387542713567839758e+00,1.391946608040201649e+00,1.396350502512563319e+00,1.400754396984925210e+00,1.405158291457286879e+00,1.409562185929648770e+00,1.413966080402010661e+00,1.418369974874372552e+00,1.422773869346734221e+00,1.427177763819096112e+00,1.431581658291457781e+00,1.435985552763819673e+00,1.440389447236181564e+00,1.444793341708543455e+00,1.449197236180905124e+00,1.453601130653267015e+00,1.458005025125628684e+00,1.462408919597990575e+00,1.466812814070352466e+00,1.471216708542714358e+00,1.475620603015076027e+00,1.480024497487437918e+00,1.484428391959799809e+00,1.488832286432161478e+00,1.493236180904523369e+00,1.497640075376885260e+00,1.502043969849247151e+00,1.506447864321608821e+00,1.510851758793970490e+00,1.515255653266332381e+00,1.519659547738694272e+00,1.524063442211056163e+00,1.528467336683418054e+00,1.532871231155779723e+00,1.537275125628141614e+00,1.541679020100503283e+00,1.546082914572865175e+00,1.550486809045226844e+00,1.554890703517588513e+00,1.559294597989950404e+00,1.563698492462312073e+00,1.568102386934673742e+00,1.572506281407035633e+00,1.576910175879397524e+00,1.581314070351759193e+00,1.585717964824120862e+00,1.590121859296482754e+00,1.594525753768844423e+00,1.598929648241206092e+00,1.603333542713567983e+00,1.607737437185929874e+00,1.612141331658291321e+00,1.616545226130653212e+00,1.620949120603015103e+00,1.625353015075376772e+00,1.629756909547738442e+00,1.634160804020100333e+00,1.638564698492462002e+00,1.642968592964823671e+00,1.647372487437185562e+00,1.651776381909547453e+00,1.656180276381909122e+00,1.660584170854270791e+00,1.664988065326632682e+00,1.669391959798994352e+00,1.673795854271356021e+00,1.678199748743717912e+00,1.682603643216079581e+00,1.687007537688441250e+00,1.691411432160803141e+00,1.695815326633165032e+00,1.700219221105526701e+00,1.704623115577888370e+00,1.709027010050250261e+00,1.713430904522611931e+00,1.717834798994973600e+00,1.722238693467335491e+00,1.726642587939697382e+00,1.731046482412058829e+00,1.735450376884420720e+00,1.739854271356782611e+00,1.744258165829144280e+00,1.748662060301505949e+00,1.753065954773867841e+00,1.757469849246229510e+00,1.761873743718591179e+00,1.766277638190953070e+00,1.770681532663314961e+00,1.775085427135676630e+00,1.779489321608038299e+00,1.783893216080400190e+00,1.788297110552761859e+00,1.792701005025123528e+00,1.797104899497485420e+00,1.801508793969847089e+00,1.805912688442208758e+00,1.810316582914570649e+00,1.814720477386932540e+00,1.819124371859294209e+00,1.823528266331655878e+00,1.827932160804017769e+00,1.832336055276379438e+00,1.836739949748741108e+00,1.841143844221102999e+00,1.845547738693464890e+00,1.849951633165826337e+00,1.854355527638188228e+00,1.858759422110550119e+00,1.863163316582911788e+00,1.867567211055273457e+00,1.871971105527635348e+00,1.876374999999997017e+00
EDET Conventional,1.000000000000000000e+00,1.003038425804725797e+00,1.006092367660426978e+00,1.009162090837491643e+00,1.012247825050068828e+00,1.015349765619081079e+00,1.018468074621610153e+00,1.021602882026659609e+00,1.024754286817290083e+00,1.027922358099132349e+00,1.031107136195272833e+00,1.034308633727515137e+00,1.037526836684017795e+00,1.040761705473304710e+00,1.044013175964652484e+00,1.047281160514851761e+00,1.050565548981344355e+00,1.053866209721734171e+00,1.057182990579674797e+00,1.060515719857130668e+00,1.063864207273013784e+00,1.067228244908195567e+00,1.070607608136894262e+00,1.074002056544435479e+00,1.077411334831389844e+00,1.080835173704084662e+00,1.084273290751490704e+00,1.087725391308483669e+00,1.091191169305482100e+00,1.094670308104457535e+00,1.098162481321323103e+00,1.101667353634694368e+00,1.105184581581026615e+00,1.108713814336126591e+00,1.112254694483039597e+00,1.115806858766311027e+00,1.119369938832624367e+00,1.122943561957811642e+00,1.126527351760241880e+00,1.130120928900581800e+00,1.133723911767934078e+00,1.137335917152348497e+00,1.140956560903708894e+00,1.144585458576996118e+00,1.148222226063924101e+00,1.151866480210952615e+00,1.155517839423674031e+00,1.159175924257575874e+00,1.162840357995176710e+00,1.166510767209540278e+00,1.170186782314160512e+00,1.173868038099225464e+00,1.177554174254253239e+00,1.181244835877104826e+00,1.184939673969371388e+00,1.188638345918135775e+00,1.192340515964110725e+00,1.196045855656150181e+00,1.199754044292137056e+00,1.203464769346245689e+00,1.207177726882578739e+00,1.210892621955179216e+00,1.214609168994418731e+00,1.218327092179759097e+00,1.222046125798889715e+00,1.225766014593240305e+00,1.229486514089867644e+00,1.233207390919718760e+00,1.236928423122267695e+00,1.240649400436528271e+00,1.244370124578440873e+00,1.248090409504636344e+00,1.251810081662571461e+00,1.255528980227042846e+00,1.259246957323074234e+00,1.262963878235178194e+00,1.266679621602994521e+00,1.270394079603302639e+00,1.274107158118408467e+00,1.277818776890907726e+00,1.281528869664822823e+00,1.285237384313116182e+00,1.288944282951576925e+00,1.292649542039084665e+00,1.296353152464245984e+00,1.300055119618407362e+00,1.303755463455043451e+00,1.307454218535519130e+00,1.311151434061226695e+00,1.314847173892100152e+00,1.318541516551501092e+00,1.322234555217482788e+00,1.325926397700426751e+00,1.329617166407056628e+00,1.333306998290824996e+00,1.336996044788676841e+00,1.340684471744187034e+00,1.344372459317072721e+00,1.348060201879081710e+00,1.351747907896255541e+00,1.355435799797566121e+00,1.359124113829930147e+00,1.362813099899595537e+00,1.366503021399904982e+00,1.370194155025434402e+00,1.373886790572504513e+00,1.377581230726069528e+00,1.381277790832980745e+00,1.384976798661623043e+00,1.388678594147928935e+00,1.392383529127765751e+00,1.396091967055699490e+00,1.399804282710132242e+00,1.403520861884815174e+00,1.407242101066737305e+00,1.410968407100386957e+00,1.414700196838391877e+00,1.418437896778530272e+00,1.422181942687120948e+00,1.425932779208784140e+00,1.429690859462581898e+00,1.433456644624529153e+00,1.437230603496483683e+00,1.441013212061407645e+00,1.444804953025007110e+00,1.448606315343744066e+00,1.452417793739225749e+00,1.456239888198966881e+00,1.460073103463528144e+00,1.463917948500029986e+00,1.467774935962040228e+00,1.471644581635837667e+00,1.475527403873049925e+00,1.479423923009667075e+00,1.483334660771429725e+00,1.487260139665593339e+00,1.491200882359065005e+00,1.495157411042916884e+00,1.499130246783276998e+00,1.503119908858589149e+00,1.507126914083253499e+00,1.511151776117639178e+00,1.515195004764473774e+00,1.519257105251604845e+00,1.523338577501140101e+00,1.527439915384959601e+00,1.531561605966605732e+00,1.535704128729544760e+00,1.539867954791806604e+00,1.544053546106998631e+00,1.548261354651693011e+00,1.552491821599190747e+00,1.556745376479661047e+00,1.561022436326653384e+00,1.565323404809987107e+00,1.569648671355015068e+00,1.573998610248261487e+00,1.578373579729436482e+00,1.582773921069823952e+00,1.587199957637045689e+00,1.591651993946199495e+00,1.596130314697373542e+00,1.600635183799534289e+00,1.605166843380791963e+00,1.609725512785035839e+00,1.614311387554951960e+00,1.618924638401408878e+00,1.623565410159222733e+00,1.628233820729296344e+00,1.632929960007131420e+00,1.637653888797719670e+00,1.642405637716804367e+00,1.647185206078519926e+00,1.651992560769407259e+00,1.656827635108800045e+00,1.661690327695590330e+00,1.666580501241367029e+00,1.671497981389929999e+00,1.676442555523177891e+00,1.681413971553372910e+00,1.686411936701780911e+00,1.691436116263683065e+00,1.696486132359766419e+00,1.701561562673886030e+00,1.706661939177207099e+00,1.711786746838716677e+00,1.716935422322111604e+00,1.722107352669066005e+00,1.727301873968868140e+00,1.732518270014433037e+00,1.737755770944695577e+00,1.743013551873370925e+00,1.748290731504094975e+00,1.753586370731938349e+00,1.758899471231296197e+00,1.764228974030152219e+00,1.769573758070715597e+00,1.774932638756438141e+00,1.780304366485402578e+00,1.785687625170085724e+00
Hoerner,1.000000000000000000e+00,1.002060301575107948e+00,1.004120604096196523e+00,1.006180909995789019e+00,1.008241223328089298e+00,1.010301549768984231e+00,1.012361896616041035e+00,1.014422272788509272e+00,1.016482688827321068e+00,1.018543156895088897e+00,1.020603690776108241e+00,1.022664305876355373e+00,1.024725019223488687e+00,1.026785849466848699e+00,1.028846816877456938e+00,1.030907943348017719e+00,1.032969252392915926e+00,1.035030769148218788e+00,1.037092520371675430e+00,1.039154534442716660e+00,1.041216841362454959e+00,1.043279472753684267e+00,1.045342461860880645e+00,1.047405843550202276e+00,1.049469654309487909e+00,1.051533932248259307e+00,1.053598717097719462e+00,1.055664050210752825e+00,1.057729974561926189e+00,1.059796534747487806e+00,1.061863776985367602e+00,1.063931749115177405e+00,1.066000500598210277e+00,1.068070082517442509e+00,1.070140547577530077e+00,1.072211950104812628e+00,1.074284346047310379e+00,1.076357792974725447e+00,1.078432350078442292e+00,1.080508078171526387e+00,1.082585039688725326e+00,1.084663298686468824e+00,1.086742920842867610e+00,1.088823973457714311e+00,1.090906525452484122e+00,1.092990647370332802e+00,1.095076411376098902e+00,1.097163891256302204e+00,1.099253162419143948e+00,1.101344301894508160e+00,1.103437388333959213e+00,1.105532502010744711e+00,1.107629724819792827e+00,1.109729140277713855e+00,1.111830833522800432e+00,1.113934891315026210e+00,1.116041402036046737e+00,1.118150455689199463e+00,1.120262143899503737e+00,1.122376559913660143e+00,1.124493798600051830e+00,1.126613956448742737e+00,1.128737131571479368e+00,1.130863423701689685e+00,1.132992934194483103e+00,1.135125766026651384e+00,1.137262023796667298e+00,1.139401813724686408e+00,1.141545243652545283e+00,1.143692423043761952e+00,1.145843462983537009e+00,1.147998476178752503e+00,1.150157576957971939e+00,1.152320881271440944e+00,1.154488506691086824e+00,1.156660572410518117e+00,1.158837199245026373e+00,1.161018509631583484e+00,1.163204627628844134e+00,1.165395678917144018e+00,1.167591790798500950e+00,1.169793092196614648e+00,1.171999713656866282e+00,1.174211787346319147e+00,1.176429447053717769e+00,1.178652828189488577e+00,1.180882067785740119e+00,1.183117304496262623e+00,1.185358678596527326e+00,1.187606331983688479e+00,1.189860408176581119e+00,1.192121052315722185e+00,1.194388411163310959e+00,1.196662633103227291e+00,1.198943868141034264e+00,1.201232267903975748e+00,1.203527985640977516e+00,1.205831176222647239e+00,1.208141996141274266e+00,1.210460603510829847e+00,1.212787158066966686e+00,1.215121821167019389e+00,1.217464755790004682e+00,1.219816126536620526e+00,1.222176099629246560e+00,1.224544842911944986e+00,1.226922525850458801e+00,1.229309319532213118e+00,1.231705396666315178e+00,1.234110931583553450e+00,1.236526100236398529e+00,1.238951080199002686e+00,1.241386050667199203e+00,1.243831192458504820e+00,1.246286688012115951e+00,1.248752721388912690e+00,1.251229478271455475e+00,1.253717145963987090e+00,1.256215913392432437e+00,1.258725971104397212e+00,1.261247511269169452e+00,1.263780727677719096e+00,1.266325815742697758e+00,1.268882972498438289e+00,1.271452396600955881e+00,1.274034288327947628e+00,1.276628849578791636e+00,1.279236283874548130e+00,1.281856796357959460e+00,1.284490593793449209e+00,1.287137884567123303e+00,1.289798878686768235e+00,1.292473787781853733e+00,1.295162825103530313e+00,1.297866205524630834e+00,1.300584145539669167e+00,1.303316863264841752e+00,1.306064578438026258e+00,1.308827512418782257e+00,1.311605888188350999e+00,1.314399930349655632e+00,1.317209865127301427e+00,1.320035920367574445e+00,1.322878325538443089e+00,1.325737311729557444e+00,1.328613111652249934e+00,1.331505959639533554e+00,1.334416091646103864e+00,1.337343745248337878e+00,1.340289159644294958e+00,1.343252575653715253e+00,1.346234235718021255e+00,1.349234383900317136e+00,1.352253265885389188e+00,1.355291128979704718e+00,1.358348222111412706e+00,1.361424795830345147e+00,1.364521102308014600e+00,1.367637395337615747e+00,1.370773930334024948e+00,1.373930964333800464e+00,1.377108755995182454e+00,1.380307565598092312e+00,1.383527655044133553e+00,1.386769287856591371e+00,1.390032729180433080e+00,1.393318245782307230e+00,1.396626106050544047e+00,1.399956579995155881e+00,1.403309939247836757e+00,1.406686457061962825e+00,1.410086408312590800e+00,1.413510069496460408e+00,1.416957718731992610e+00,1.420429635759290488e+00,1.423926101940137690e+00,1.427447400258001320e+00,1.430993815318029050e+00,1.434565633347051117e+00,1.438163142193578103e+00,1.441786631327804047e+00,1.445436391841604218e+00,1.449112716448534899e+00,1.452815899483834716e+00,1.456546236904423974e+00,1.460304026288904877e+00,1.464089566837561529e+00,1.467903159372358823e+00,1.471745106336944664e+00,1.475615711796647966e+00,1.479515281438479768e+00,1.483444122571132118e+00,1.487402544124979853e+00,1.491390856652079266e+00,1.495409372326167663e+00,1.499458404942664913e+00,1.503538269918672565e+00,1.507649284292973624e+00,1.511791766726032993e+00,1.515966037499997032e+00
Jenkinson Tail,1.000000000000000000e+00,1.002719597989949696e+00,1.005439195979899614e+00,1.008158793969849309e+00,1.010878391959799005e+00,1.013597989949748701e+00,1.016317587939698619e+00,1.019037185929648315e+00,1.021756783919598011e+00,1.024476381909547706e+00,1.027195979899497624e+00,1.029915577889447320e+00,1.032635175879397016e+00,1.035354773869346712e+00,1.038074371859296630e+00,1.040793969849246325e+00,1.043513567839196021e+00,1.046233165829145717e+00,1.048952763819095635e+00,1.051672361809045331e+00,1.054391959798995027e+00,1.057111557788944722e+00,1.059831155778894640e+00,1.062550753768844114e+00,1.065270351758794032e+00,1.067989949748743728e+00,1.070709547738693423e+00,1.073429145728643119e+00,1.076148743718592815e+00,1.078868341708542733e+00,1.081587939698492429e+00,1.084307537688442125e+00,1.087027135678391820e+00,1.089746733668341738e+00,1.092466331658291434e+00,1.095185929648241130e+00,1.097905527638190826e+00,1.100625125628140744e+00,1.103344723618090661e+00,1.106064321608040135e+00,1.108783919597990053e+00,1.111503517587939749e+00,1.114223115577889667e+00,1.116942713567839141e+00,1.119662311557789058e+00,1.122381909547738754e+00,1.125101507537688672e+00,1.127821105527638368e+00,1.130540703517588064e+00,1.133260301507537759e+00,1.135979899497487677e+00,1.138699497487437373e+00,1.141419095477387069e+00,1.144138693467336765e+00,1.146858291457286683e+00,1.149577889447236378e+00,1.152297487437186074e+00,1.155017085427135770e+00,1.157736683417085688e+00,1.160456281407035384e+00,1.163175879396985080e+00,1.165895477386934775e+00,1.168615075376884693e+00,1.171334673366834389e+00,1.174054271356784085e+00,1.176773869346733781e+00,1.179493467336683699e+00,1.182213065326633394e+00,1.184932663316583090e+00,1.187652261306532786e+00,1.190371859296482704e+00,1.193091457286432400e+00,1.195811055276382096e+00,1.198530653266331791e+00,1.201250251256281709e+00,1.203969849246231405e+00,1.206689447236181101e+00,1.209409045226130797e+00,1.212128643216080714e+00,1.214848241206030410e+00,1.217567839195980106e+00,1.220287437185929802e+00,1.223007035175879720e+00,1.225726633165829416e+00,1.228446231155779111e+00,1.231165829145729029e+00,1.233885427135678725e+00,1.236605025125628643e+00,1.239324623115578117e+00,1.242044221105528035e+00,1.244763819095477730e+00,1.247483417085427648e+00,1.250203015075377122e+00,1.252922613065327040e+00,1.255642211055276736e+00,1.258361809045226654e+00,1.261081407035176127e+00,1.263801005025126045e+00,1.266520603015075963e+00,1.269240201005025659e+00,1.271959798994975355e+00,1.274679396984925051e+00,1.277398994974874746e+00,1.280118592964824664e+00,1.282838190954774360e+00,1.285557788944724056e+00,1.288277386934673974e+00,1.290996984924623669e+00,1.293716582914573365e+00,1.296436180904523061e+00,1.299155778894472757e+00,1.301875376884422675e+00,1.304594974874372371e+00,1.307314572864322066e+00,1.310034170854271984e+00,1.312753768844221680e+00,1.315473366834171376e+00,1.318192964824121072e+00,1.320912562814070768e+00,1.323632160804020685e+00,1.326351758793970381e+00,1.329071356783920077e+00,1.331790954773869995e+00,1.334510552763819691e+00,1.337230150753769387e+00,1.339949748743719082e+00,1.342669346733668778e+00,1.345388944723618474e+00,1.348108542713568170e+00,1.350828140703518088e+00,1.353547738693467783e+00,1.356267336683417257e+00,1.358986934673366953e+00,1.361706532663316871e+00,1.364426130653266567e+00,1.367145728643216263e+00,1.369865326633165958e+00,1.372584924623115654e+00,1.375304522613065350e+00,1.378024120603015046e+00,1.380743718592964964e+00,1.383463316582914437e+00,1.386182914572864355e+00,1.388902512562814051e+00,1.391622110552763525e+00,1.394341708542713443e+00,1.397061306532663139e+00,1.399780904522612834e+00,1.402500502512562530e+00,1.405220100502512226e+00,1.407939698492462144e+00,1.410659296482411618e+00,1.413378894472361313e+00,1.416098492462311231e+00,1.418818090452260705e+00,1.421537688442210623e+00,1.424257286432160319e+00,1.426976884422110015e+00,1.429696482412059710e+00,1.432416080402009406e+00,1.435135678391959324e+00,1.437855276381908798e+00,1.440574874371858716e+00,1.443294472361808412e+00,1.446014070351757885e+00,1.448733668341707803e+00,1.451453266331657499e+00,1.454172864321607195e+00,1.456892462311556891e+00,1.459612060301506586e+00,1.462331658291456504e+00,1.465051256281405978e+00,1.467770854271355674e+00,1.470490452261305592e+00,1.473210050251255065e+00,1.475929648241204983e+00,1.478649246231154679e+00,1.481368844221104375e+00,1.484088442211054071e+00,1.486808040201003767e+00,1.489527638190953684e+00,1.492247236180903158e+00,1.494966834170853076e+00,1.497686432160802772e+00,1.500406030150752468e+00,1.503125628140702386e+00,1.505845226130651859e+00,1.508564824120601555e+00,1.511284422110551251e+00,1.514004020100500947e+00,1.516723618090450865e+00,1.519443216080400560e+00,1.522162814070350034e+00,1.524882412060299952e+00,1.527602010050249426e+00,1.530321608040199344e+00,1.533041206030149040e+00,1.535760804020098735e+00,1.538480402010048653e+00,1.541199999999998127e+00
Jenkinson Wing,1.000000000000000000e+00,1.002549638885753769e+00,1.005099397861615396e+00,1.007649409752221059e+00,1.010199807382205384e+00,1.012750723576203660e+00,1.015302291158850956e+00,1.017854642954782785e+00,1.020407911788634436e+00,1.022962230485040536e+00,1.025517731868637039e+00,1.028074548764059015e+00,1.030632813995941310e+00,1.033192660388919215e+00,1.035754220767628242e+00,1.038317627956703459e+00,1.040883014780780158e+00,1.043450514064493184e+00,1.046020258632478273e+00,1.048592381309370714e+00,1.051167014919804910e+00,1.053744292288416817e+00,1.056324346239841727e+00,1.058907309598714264e+00,1.061493315189670383e+00,1.064082495837344489e+00,1.066674984366372536e+00,1.069270913601389150e+00,1.071870416367029843e+00,1.074473625487929906e+00,1.077080673788724630e+00,1.079691694094049081e+00,1.082306819228538330e+00,1.084926182016827667e+00,1.087549915283552826e+00,1.090178151853348210e+00,1.092811024550849552e+00,1.095448666200691923e+00,1.098091209627510390e+00,1.100738787655940687e+00,1.103391533110617662e+00,1.106049578816176604e+00,1.108713057597252361e+00,1.111382102278480888e+00,1.114056845684496810e+00,1.116737420639935641e+00,1.119423959969432447e+00,1.122116596497622742e+00,1.124815463049141373e+00,1.127520692448623851e+00,1.130232417520705024e+00,1.132950771090020625e+00,1.135675885981205502e+00,1.138407895018894722e+00,1.141146931027724021e+00,1.143893126832328244e+00,1.146646615257342905e+00,1.149407529127402849e+00,1.152176001267143368e+00,1.154952164501200196e+00,1.157736151654208401e+00,1.160528095550802385e+00,1.163328129015618106e+00,1.166136384873290854e+00,1.168952995948455476e+00,1.171778095065747261e+00,1.174611815049801722e+00,1.177454288725253484e+00,1.180305648916738726e+00,1.183166028448891627e+00,1.186035560146348145e+00,1.188914376833743347e+00,1.191802611335712081e+00,1.194700396476890303e+00,1.197607865081912193e+00,1.200525149975413930e+00,1.203452383982030138e+00,1.206389699926396331e+00,1.209337230633147575e+00,1.212295108926919163e+00,1.215263467632346384e+00,1.218242439574064528e+00,1.221232157576708444e+00,1.224232754464913864e+00,1.227244363063315635e+00,1.230267116196549049e+00,1.233301146689249617e+00,1.236346587366051963e+00,1.239403571051591824e+00,1.242472230570504044e+00,1.245552698747424136e+00,1.248645108406987392e+00,1.251749592373828879e+00,1.254866283472583666e+00,1.257995314527887043e+00,1.261136818364374745e+00,1.264290927806680953e+00,1.267457775679442067e+00,1.270637494807292489e+00,1.273830218014867510e+00,1.277036078126802865e+00,1.280255207967733178e+00,1.283487740362294183e+00,1.286733808135120505e+00,1.289993544110847878e+00,1.293267081114111594e+00,1.296554551969546054e+00,1.299856089501787437e+00,1.303171826535470812e+00,1.306501895895230803e+00,1.309846430405703366e+00,1.313205562891523126e+00,1.316579426177325374e+00,1.319968153087745844e+00,1.323371876447419160e+00,1.326790729080980835e+00,1.330224843813066160e+00,1.333674353468309981e+00,1.337139390871348255e+00,1.340620088846815161e+00,1.344116580219346879e+00,1.347628997813578255e+00,1.351157474454144358e+00,1.354702142965680478e+00,1.358263136172822128e+00,1.361840586900203931e+00,1.365434627972461623e+00,1.369045392214230494e+00,1.372673012450145391e+00,1.376317621504841826e+00,1.379979352202954868e+00,1.383658337369119584e+00,1.387354709827971488e+00,1.391068602404145649e+00,1.394800147922277356e+00,1.398549479207002122e+00,1.402316729082954350e+00,1.406102030374769996e+00,1.409905515907083906e+00,1.413727318504531816e+00,1.417567570991748127e+00,1.421426406193368575e+00,1.425303956934028671e+00,1.429200356038362818e+00,1.433115736331007195e+00,1.437050230636596204e+00,1.441003971779765358e+00,1.444977092585149947e+00,1.448969725877385484e+00,1.452982004481106371e+00,1.457014061220948564e+00,1.461066028921547133e+00,1.465138040407537146e+00,1.469230228503553670e+00,1.473342726034232220e+00,1.477475665824208084e+00,1.481629180698116111e+00,1.485803403480592033e+00,1.489998466996270476e+00,1.494214504069787175e+00,1.498451647525777197e+00,1.502710030188875390e+00,1.506989784883717931e+00,1.511291044434938780e+00,1.515613941667174336e+00,1.519958609405058780e+00,1.524325180473228070e+00,1.528713787696316828e+00,1.533124563898961235e+00,1.537557641905795469e+00,1.542013154541455044e+00,1.546491234630575917e+00,1.550992014997792268e+00,1.555515628467739830e+00,1.560062207865053896e+00,1.564631886014369533e+00,1.569224795740322032e+00,1.573841069867546238e+00,1.578480841220678110e+00,1.583144242624352271e+00,1.587831406903204012e+00,1.592542466881868846e+00,1.597277555384981618e+00,1.602036805237178063e+00,1.606820349263093028e+00,1.611628320287361582e+00,1.616460851134619237e+00,1.621318074629501282e+00,1.626200123596642566e+00,1.631107130860678822e+00,1.636039229246244897e+00,1.640996551577975859e+00,1.645979230680507444e+00,1.650987399378474496e+00,1.656021190496512752e+00,1.661080736859256390e+00,1.666166171291341591e+00,1.671277626617403200e+00,1.676415235662076286e+00,1.681579131249996584e+00
Kroo,1.000000000000000000e+00,1.002374721561251070e+00,1.004784631436632436e+00,1.007229729626144765e+00,1.009710016129787391e+00,1.012225490947560758e+00,1.014776154079464643e+00,1.017362005525498825e+00,1.019983045285663970e+00,1.022639273359959633e+00,1.025330689748385593e+00,1.028057294450942294e+00,1.030819087467629513e+00,1.033616068798447474e+00,1.036448238443395953e+00,1.039315596402474728e+00,1.042218142675684245e+00,1.045155877263024502e+00,1.048128800164495056e+00,1.051136911380096350e+00,1.054180210909827942e+00,1.057258698753690496e+00,1.060372374911683568e+00,1.063521239383806716e+00,1.066705292170061048e+00,1.069924533270445455e+00,1.073178962684960824e+00,1.076468580413606713e+00,1.079793386456382898e+00,1.083153380813289823e+00,1.086548563484327046e+00,1.089978934469495231e+00,1.093444493768793935e+00,1.096945241382222935e+00,1.100481177309782899e+00,1.104052301551473159e+00,1.107658614107293937e+00,1.111300114977245457e+00,1.114976804161327717e+00,1.118688681659540052e+00,1.122435747471883349e+00,1.126218001598357166e+00,1.130035444038961279e+00,1.133888074793696354e+00,1.137775893862561727e+00,1.141698901245557618e+00,1.145657096942684250e+00,1.149650480953941178e+00,1.153679053279329070e+00,1.157742813918847480e+00,1.161841762872496187e+00,1.165975900140275634e+00,1.170145225722185600e+00,1.174349739618226085e+00,1.178589441828397311e+00,1.182864332352699055e+00,1.187174411191131096e+00,1.191519678343694100e+00,1.195900133810387400e+00,1.200315777591211219e+00,1.204766609686166001e+00,1.209252630095251080e+00,1.213773838818466677e+00,1.218330235855813015e+00,1.222921821207289650e+00,1.227548594872897025e+00,1.232210556852634920e+00,1.236907707146503332e+00,1.241640045754502486e+00,1.246407572676632158e+00,1.251210287912892349e+00,1.256048191463283059e+00,1.260921283327804510e+00,1.265829563506456257e+00,1.270773031999238967e+00,1.275751688806151751e+00,1.280765533927195499e+00,1.285814567362369765e+00,1.290898789111674327e+00,1.296018199175109631e+00,1.301172797552675675e+00,1.306362584244372016e+00,1.311587559250199098e+00,1.316847722570156698e+00,1.322143074204244817e+00,1.327473614152463455e+00,1.332839342414812833e+00,1.338240258991292730e+00,1.343676363881903146e+00,1.349147657086644081e+00,1.354654138605515534e+00,1.360195808438517950e+00,1.365772666585650441e+00,1.371384713046913673e+00,1.377031947822307645e+00,1.382714370911832136e+00,1.388431982315486923e+00,1.394184782033272674e+00,1.399972770065188499e+00,1.405795946411235287e+00,1.411654311071412593e+00,1.417547864045720196e+00,1.423476605334158762e+00,1.429440534936727847e+00,1.435439652853427228e+00,1.441473959084257350e+00,1.447543453629217991e+00,1.453648136488309150e+00,1.459788007661531051e+00,1.465963067148883248e+00,1.472173314950366185e+00,1.478418751065979642e+00,1.484699375495723839e+00,1.491015188239598332e+00,1.497366189297603567e+00,1.503752378669739320e+00,1.510173756356005592e+00,1.516630322356402605e+00,1.523122076670929914e+00,1.529649019299588186e+00,1.536211150242376755e+00,1.542808469499295843e+00,1.549440977070345671e+00,1.556108672955526018e+00,1.562811557154836661e+00,1.569549629668277824e+00,1.576322890495849727e+00,1.583131339637552593e+00,1.589974977093385311e+00,1.596853802863348992e+00,1.603767816947443192e+00,1.610717019345667911e+00,1.617701410058023370e+00,1.624720989084508904e+00,1.631775756425125623e+00,1.638865712079872861e+00,1.645990856048750173e+00,1.653151188331758226e+00,1.660346708928897019e+00,1.667577417840166554e+00,1.674843315065566163e+00,1.682144400605096513e+00,1.689480674458757603e+00,1.696852136626549212e+00,1.704258787108471340e+00,1.711700625904523765e+00,1.719177653014707152e+00,1.726689868439021058e+00,1.734237272177465483e+00,1.741819864230040427e+00,1.749437644596745889e+00,1.757090613277582092e+00,1.764778770272548591e+00,1.772502115581646054e+00,1.780260649204873591e+00,1.788054371142232313e+00,1.795883281393721109e+00,1.803747379959340424e+00,1.811646666839090480e+00,1.819581142032971277e+00,1.827550805540982370e+00,1.835555657363124205e+00,1.843595697499396557e+00,1.851670925949799429e+00,1.859781342714332819e+00,1.867926947792996950e+00,1.876107741185791378e+00,1.884323722892716768e+00,1.892574892913772455e+00,1.900861251248958883e+00,1.909182797898275386e+00,1.917539532861722851e+00,1.925931456139300835e+00,1.934358567731009559e+00,1.942820867636848803e+00,1.951318355856818343e+00,1.959851032390918624e+00,1.968418897239149423e+00,1.977021950401510964e+00,1.985660191878003022e+00,1.994333621668625378e+00,2.003042239773378697e+00,2.011786046192261868e+00,2.020565040925276445e+00,2.029379223972421098e+00,2.038228595333696713e+00,2.047113155009102403e+00,2.056032902998639056e+00,2.064987839302306227e+00,2.073977963920103917e+00,2.083003276852031682e+00,2.092063778098090854e+00,2.101159467658280100e+00,2.110290345532599865e+00,2.119456411721050593e+00,2.128657666223631395e+00,2.137894109040343160e+00,2.147165740171185444e+00,2.156472559616157803e+00,2.165814567375261568e+00
Manual,1.000000000000000000e+00,1.000000000000000000e+00,1.000000000000000000e+00,1.000000000000000000e+00,1.000000000000000000e+00,1.000000000000000000e+00,1.000000000000000000e+00,1.000000000000000000e+00,1.000000000000000000e+00,1.000000000000000000e+00,1.000000000000000000e+00,1.000000000000000000e+00,1.000000000000000000e+00,1.000000000000000000e+00,1.000000000000000000e+00,1.000000000000000000e+00,1.000000000000000000e+00,1.000000000000000000e+00,1.000000000000000000e+00,1.000000000000000000e+00,1.000000000000000000e+00,1.000000000000000000e+00,1.000000000000000000e+00,1.000000000000000000e+00,1.000000000000000000e+00,1.000000000000000000e+00,1.000000000000000000e+00,1.000000000000000000e+00,1.000000000000000000e+00,1.000000000000000000e+00,1.000000000000000000e+00,1.000000000000000000e+00,1.000000000000000000e+00,1.000000000000000000e+00,1.000000000000000000e+00,1.000000000000000000e+00,1.000000000000000000e+00,1.000000000000000000e+00,1.000000000000000000e+00,1.000000000000000000e+00,1.000000000000000000e+00,1.000000000000000000e+00,1.000000000000000000e+00,1.000000000000000000e+00,1.000000000000000000e+00,1.000000000000000000e+00,1.000000000000000000e+00,1.000000000000000000e+00,1.000000000000000000e+00,1.000000000000000000e+00,1.000000000000000000e+00,1.000000000000000000e+00,1.000000000000000000e+00,1.000000000000000000e+00,1.000000000000000000e+00,1.000000000000000000e+00,1.000000000000000000e+00,1.000000000000000000e+00,1.000000000000000000e+00,1.000000000000000000e+00,1.000000000000000000e+00,1.000000000000000000e+00,1.000000000000000000e+00,1.000000000000000000e+00,1.000000000000000000e+00,1.000000000000000000e+00,1.000000000000000000e+00,1.000000000000000000e+00,1.000000000000000000e+00,1.000000000000000000e+00,1.000000000000000000e+00,1.000000000000000000e+00,1.000000000000000000e+00,1.000000000000000000e+00,1.000000000000000000e+00,1.000000000000000000e+00,1.000000000000000000e+00,1.000000000000000000e+00,1.000000000000000000e+00,1.000000000000000000e+00,1.000000000000000000e+00,1.000000000000000000e+00,1.000000000000000000e+00,1.000000000000000000e+00,1.000000000000000000e+00,1.000000000000000000e+00,1.000000000000000000e+00,1.000000000000000000e+00,1.000000000000000000e+00,1.000000000000000000e+00,1.000000000000000000e+00,1.000000000000000000e+00,1.000000000000000000e+00,1.000000000000000000e+00,1.000000000000000000e+00,1.000000000000000000e+00,1.000000000000000000e+00,1.000000000000000000e+00,1.000000000000000000e+00,1.000000000000000000e+00,1.000000000000000000e+00,1.000000000000000000e+00,1.000000000000000000e+00,1.000000000000000000e+00,1.000000000000000000e+00,1.000000000000000000e+00,1.000000000000000000e+00,1.000000000000000000e+00,1.000000000000000000e+00,1.000000000000000000e+00,1.000000000000000000e+00,1.000000000000000000e+00,1.000000000000000000e+00,1.000000000000000000e+00,1.000000000000000000e+00,1.000000000000000000e+00,1.000000000000000000e+00,1.000000000000000000e+00,1.000000000000000000e+00,1.000000000000000000e+00,1.000000000000000000e+00,1.000000000000000000e+00,1.000000000000000000e+00,1.000000000000000000e+00,1.000000000000000000e+00,1.000000000000000000e+00,1.000000000000000000e+00,1.000000000000000000e+00,1.000000000000000000e+00,1.000000000000000000e+00,1.000000000000000000e+00,1.000000000000000000e+00,1.000000000000000000e+00,1.000000000000000000e+00,1.000000000000000000e+00,1.000000000000000000e+00,1.000000000000000000e+00,1.000000000000000000e+00,1.000000000000000000e+00,1.000000000000000000e+00,1.000000000000000000e+00,1.000000000000000000e+00,1.000000000000000000e+00,1.000000000000000000e+00,1.000000000000000000e+00,1.000000000000000000e+00,1.000000000000000000e+00,1.000000000000000000e+00,1.000000000000000000e+00,1.000000000000000000e+00,1.000000000000000000e+00,1.000000000000000000e+00,1.000000000000000000e+00,1.000000000000000000e+00,1.000000000000000000e+00,1.000000000000000000e+00,1.000000000000000000e+00,1.000000000000000000e+00,1.000000000000000000e+00,1.000000000000000000e+00,1.000000000000000000e+00,1.000000000000000000e+00,1.000000000000000000e+00,1.000000000000000000e+00,1.000000000000000000e+00,1.000000000000000000e+00,1.000000000000000000e+00,1.000000000000000000e+00,1.000000000000000000e+00,1.000000000000000000e+00,1.000000000000000000e+00,1.000000000000000000e+00,1.000000000000000000e+00,1.000000000000000000e+00,1.000000000000000000e+00,1.000000000000000000e+00,1.000000000000000000e+00,1.000000000000000000e+00,1.000000000000000000e+00,1.000000000000000000e+00,1.000000000000000000e+00,1.000000000000000000e+00,1.000000000000000000e+00,1.000000000000000000e+00,1.000000000000000000e+00,1.000000000000000000e+00,1.000000000000000000e+00,1.000000000000000000e+00,1.000000000000000000e+00,1.000000000000000000e+00,1.000000000000000000e+00,1.000000000000000000e+00,1.000000000000000000e+00,1.000000000000000000e+00,1.000000000000000000e+00,1.000000000000000000e+00,1.000000000000000000e+00,1.000000000000000000e+00,1.000000000000000000e+00,1.000000000000000000e+00
Schemensky 4 Series AF,1.000000000000000000e+00,1.001733836898058172e+00,1.003474041059569277e+00,1.005220612484533094e+00,1.006973551172950065e+00,1.008732857124820192e+00,1.010498530340143031e+00,1.012270570818918802e+00,1.014048978561147285e+00,1.015833753566829145e+00,1.017624895835963716e+00,1.019422405368551443e+00,1.021226282164591659e+00,1.023036526224085252e+00,1.024853137547031556e+00,1.026676116133431016e+00,1.028505461983283409e+00,1.030341175096588291e+00,1.032183255473346550e+00,1.034031703113557743e+00,1.035886518017221869e+00,1.037747700184338706e+00,1.039615249614908699e+00,1.041489166308931624e+00,1.043369450266407483e+00,1.045256101487336275e+00,1.047149119971717779e+00,1.049048505719552438e+00,1.050954258730840030e+00,1.052866379005580777e+00,1.054784866543774235e+00,1.056709721345420405e+00,1.058640943410519952e+00,1.060578532739072211e+00,1.062522489331077624e+00,1.064472813186535749e+00,1.066429504305446807e+00,1.068392562687810798e+00,1.070361988333627945e+00,1.072337781242898025e+00,1.074319941415620816e+00,1.076308468851796540e+00,1.078303363551425420e+00,1.080304625514507233e+00,1.082312254741041979e+00,1.084326251231029659e+00,1.086346614984470049e+00,1.088373346001363595e+00,1.090406444281710074e+00,1.092445909825509487e+00,1.094491742632761833e+00,1.096543942703467112e+00,1.098602510037625324e+00,1.100667444635236469e+00,1.102738746496300770e+00,1.104816415620817782e+00,1.106900452008787727e+00,1.108990855660210606e+00,1.111087626575086640e+00,1.113190764753415385e+00,1.115300270195197285e+00,1.117416142900431897e+00,1.119538382869119442e+00,1.121666990101260142e+00,1.123801964596853775e+00,1.125943306355900342e+00,1.128091015378399620e+00,1.130245091664352053e+00,1.132405535213757419e+00,1.134572346026615719e+00,1.136745524102926952e+00,1.138925069442690896e+00,1.141110982045907996e+00,1.143303261912578028e+00,1.145501909042701216e+00,1.147706923436277116e+00,1.149918305093305726e+00,1.152136054013787714e+00,1.154360170197722413e+00,1.156590653645110267e+00,1.158827504355950833e+00,1.161070722330244331e+00,1.163320307567990763e+00,1.165576260069190351e+00,1.167838579833842871e+00,1.170107266861948325e+00,1.172382321153506490e+00,1.174663742708517589e+00,1.176951531526981842e+00,1.179245687608899029e+00,1.181546210954269149e+00,1.183853101563092203e+00,1.186166359435367967e+00,1.188485984571096887e+00,1.190811976970278740e+00,1.193144336632913749e+00,1.195483063559001469e+00,1.197828157748541900e+00,1.200179619201535486e+00,1.202537447917982227e+00,1.204901643897881680e+00,1.207272207141234288e+00,1.209649137648039607e+00,1.212032435418297860e+00,1.214422100452009046e+00,1.216818132749173387e+00,1.219220532309790661e+00,1.221629299133860647e+00,1.224044433221383565e+00,1.226465934572359640e+00,1.228893803186788647e+00,1.231328039064670588e+00,1.233768642206005461e+00,1.236215612610793046e+00,1.238668950279033787e+00,1.241128655210727461e+00,1.243594727405874067e+00,1.246067166864473608e+00,1.248545973586525859e+00,1.251031147572031488e+00,1.253522688820989828e+00,1.256020597333401101e+00,1.258524873109265529e+00,1.261035516148582447e+00,1.263552526451352742e+00,1.266075904017575748e+00,1.268605648847251688e+00,1.271141760940380561e+00,1.273684240296962589e+00,1.276233086916997106e+00,1.278788300800485001e+00,1.281349881947425828e+00,1.283917830357819367e+00,1.286492146031666062e+00,1.289072828968965467e+00,1.291659879169718028e+00,1.294253296633923300e+00,1.296853081361581728e+00,1.299459233352693088e+00,1.302071752607257382e+00,1.304690639125274609e+00,1.307315892906744770e+00,1.309947513951667863e+00,1.312585502260043668e+00,1.315229857831872851e+00,1.317880580667154744e+00,1.320537670765889349e+00,1.323201128128077331e+00,1.325870952753718024e+00,1.328547144642811650e+00,1.331229703795358210e+00,1.333918630211357925e+00,1.336613923890810351e+00,1.339315584833715711e+00,1.342023613040074226e+00,1.344738008509885674e+00,1.347458771243149833e+00,1.350185901239867148e+00,1.352919398500037396e+00,1.355659263023660577e+00,1.358405494810736469e+00,1.361158093861265517e+00,1.363917060175247498e+00,1.366682393752682190e+00,1.369454094593570037e+00,1.372232162697910818e+00,1.375016598065704532e+00,1.377807400696951179e+00,1.380604570591650759e+00,1.383408107749803273e+00,1.386218012171408720e+00,1.389034283856467322e+00,1.391856922804978414e+00,1.394685929016942882e+00,1.397521302492360284e+00,1.400363043231230398e+00,1.403211151233553444e+00,1.406065626499329646e+00,1.408926469028558559e+00,1.411793678821240627e+00,1.414667255877375407e+00,1.417547200196963342e+00,1.420433511780004210e+00,1.423326190626497789e+00,1.426225236736444524e+00,1.429130650109844192e+00,1.432042430746696571e+00,1.434960578647002327e+00,1.437885093810760795e+00,1.440815976237971974e+00,1.443753225928636308e+00,1.446696842882753797e+00,1.449646827100323776e+00,1.452603178581347132e+00,1.455565897325823199e+00,1.458534983333752200e+00,1.461510436605134133e+00,1.464492257139969222e+00,1.467480444938257245e+00,1.470474999999997978e+00
Schemensky 6 Series AF,1.000000000000000000e+00,1.001485539506578260e+00,1.002975323855458178e+00,1.004469353046640201e+00,1.005967627080124327e+00,1.007470145955910112e+00,1.008976909673998223e+00,1.010487918234387994e+00,1.012003171637079868e+00,1.013522669882073624e+00,1.015046412969369483e+00,1.016574400898967001e+00,1.018106633670866845e+00,1.019643111285068571e+00,1.021183833741572178e+00,1.022728801040377666e+00,1.024278013181485258e+00,1.025831470164894732e+00,1.027389171990606309e+00,1.028951118658619768e+00,1.030517310168935108e+00,1.032087746521552551e+00,1.033662427716471877e+00,1.035241353753692861e+00,1.036824524633216393e+00,1.038411940355041585e+00,1.040003600919168658e+00,1.041599506325597835e+00,1.043199656574328893e+00,1.044804051665362055e+00,1.046412691598696876e+00,1.048025576374334022e+00,1.049642705992273051e+00,1.051264080452513738e+00,1.052889699755056752e+00,1.054519563899901646e+00,1.056153672887048200e+00,1.057792026716497080e+00,1.059434625388247841e+00,1.061081468902300262e+00,1.062732557258655008e+00,1.064387890457311858e+00,1.066047468498270145e+00,1.067711291381530758e+00,1.069379359107093252e+00,1.071051671674957628e+00,1.072728229085124108e+00,1.074409031337592468e+00,1.076094078432362933e+00,1.077783370369435056e+00,1.079476907148809506e+00,1.081174688770485615e+00,1.082876715234463827e+00,1.084582986540743921e+00,1.086293502689326118e+00,1.088008263680209975e+00,1.089727269513396157e+00,1.091450520188884221e+00,1.093178015706673945e+00,1.094909756066765993e+00,1.096645741269159924e+00,1.098385971313855958e+00,1.100130446200853651e+00,1.101879165930153448e+00,1.103632130501755126e+00,1.105389339915658686e+00,1.107150794171864350e+00,1.108916493270372117e+00,1.110686437211181543e+00,1.112460625994293073e+00,1.114239059619706707e+00,1.116021738087421999e+00,1.117808661397439618e+00,1.119599829549759118e+00,1.121395242544380277e+00,1.123194900381303540e+00,1.124998803060528907e+00,1.126806950582056155e+00,1.128619342945885284e+00,1.130435980152016517e+00,1.132256862200449632e+00,1.134081989091184628e+00,1.135911360824221727e+00,1.137744977399560931e+00,1.139582838817201571e+00,1.141424945077144759e+00,1.143271296179389607e+00,1.145121892123936558e+00,1.146976732910785168e+00,1.148835818539936104e+00,1.150699149011388922e+00,1.152566724325143399e+00,1.154438544481200202e+00,1.156314609479558886e+00,1.158194919320219451e+00,1.160079474003181899e+00,1.161968273528446449e+00,1.163861317896012881e+00,1.165758607105881417e+00,1.167660141158051834e+00,1.169565920052524133e+00,1.171475943789298535e+00,1.173390212368374819e+00,1.175308725789752984e+00,1.177231484053433253e+00,1.179158487159415403e+00,1.181089735107699656e+00,1.183025227898285570e+00,1.184964965531173808e+00,1.186908948006363929e+00,1.188857175323855708e+00,1.190809647483649814e+00,1.192766364485745578e+00,1.194727326330143446e+00,1.196692533016843418e+00,1.198661984545845272e+00,1.200635680917149006e+00,1.202613622130754623e+00,1.204595808186662342e+00,1.206582239084871944e+00,1.208572914825383426e+00,1.210567835408197235e+00,1.212567000833312703e+00,1.214570411100730052e+00,1.216578066210449505e+00,1.218589966162470839e+00,1.220606110956794277e+00,1.222626500593419596e+00,1.224651135072346797e+00,1.226680014393576101e+00,1.228713138557107287e+00,1.230750507562940577e+00,1.232792121411075748e+00,1.234837980101512578e+00,1.236888083634251734e+00,1.238942432009292771e+00,1.241001025226635690e+00,1.243063863286280712e+00,1.245130946188227616e+00,1.247202273932476402e+00,1.249277846519027069e+00,1.251357663947880061e+00,1.253441726219034935e+00,1.255530033332491469e+00,1.257622585288250106e+00,1.259719382086310624e+00,1.261820423726673468e+00,1.263925710209337971e+00,1.266035241534304356e+00,1.268149017701573067e+00,1.270267038711143215e+00,1.272389304563015688e+00,1.274515815257190265e+00,1.276646570793666502e+00,1.278781571172444842e+00,1.280920816393524841e+00,1.283064306456907167e+00,1.285212041362591373e+00,1.287364021110577461e+00,1.289520245700865653e+00,1.291680715133455504e+00,1.293845429408347680e+00,1.296014388525541738e+00,1.298187592485037678e+00,1.300365041286835499e+00,1.302546734930935424e+00,1.304732673417337230e+00,1.306922856746041139e+00,1.309117284917046709e+00,1.311315957930354603e+00,1.313518875785964157e+00,1.315726038483875815e+00,1.317937446024089576e+00,1.320153098406604997e+00,1.322372995631422521e+00,1.324597137698542149e+00,1.326825524607963436e+00,1.329058156359686826e+00,1.331295032953712321e+00,1.333536154390039696e+00,1.335781520668668731e+00,1.338031131789600092e+00,1.340284987752833556e+00,1.342543088558368458e+00,1.344805434206205685e+00,1.347072024696345016e+00,1.349342860028786006e+00,1.351617940203528878e+00,1.353897265220573853e+00,1.356180835079920932e+00,1.358468649781569670e+00,1.360760709325520734e+00,1.363057013711773680e+00,1.365357562940328284e+00,1.367662357011185215e+00,1.369971395924344026e+00,1.372284679679804498e+00,1.374602208277567073e+00,1.376923981717631751e+00,1.379249999999998533e+00
Shevell,1.000000000000000000e+00,1.001682552723704323e+00,1.003365107024043912e+00,1.005047666955222629e+00,1.006730239274248317e+00,1.008412833440930800e+00,1.010095461617883661e+00,1.011778138670522686e+00,1.013460882167066979e+00,1.015143712378538288e+00,1.016826652278761900e+00,1.018509727544365084e+00,1.020192966554779090e+00,1.021876400392236928e+00,1.023560062841775808e+00,1.025243990391234927e+00,1.026928222231256793e+00,1.028612800255286341e+00,1.030297769059572488e+00,1.031983175943165909e+00,1.033669070907921039e+00,1.035355506658494740e+00,1.037042538602346964e+00,1.038730224849740980e+00,1.040418626213741815e+00,1.042107806210219145e+00,1.043797831057843961e+00,1.045488769678091456e+00,1.047180693695238363e+00,1.048873677436365837e+00,1.050567797931356795e+00,1.052263134912897913e+00,1.053959770816477848e+00,1.055657790780389460e+00,1.057357282645727370e+00,1.059058336956389734e+00,1.060761046959077136e+00,1.062465508603293918e+00,1.064171820541346625e+00,1.065880084128344896e+00,1.067590403422201462e+00,1.069302885183631702e+00,1.071017638876154310e+00,1.072734776666090628e+00,1.074454413422564869e+00,1.076176666717504560e+00,1.077901656825639432e+00,1.079629506724502974e+00,1.081360342094430882e+00,1.083094291318562608e+00,1.084831485482839364e+00,1.086572058376006567e+00,1.088316146489611391e+00,1.090063889018004994e+00,1.091815427858340515e+00,1.093570907610574849e+00,1.095330475577467100e+00,1.097094281764580126e+00,1.098862478880278326e+00,1.100635222335730967e+00,1.102412670244908188e+00,1.104194983424584775e+00,1.105982325394337051e+00,1.107774862376545766e+00,1.109572763296392983e+00,1.111376199781864971e+00,1.113185346163749756e+00,1.115000379475639791e+00,1.116821479453929067e+00,1.118648828537815110e+00,1.120482611869298317e+00,1.122323017293182179e+00,1.124170235357072611e+00,1.126024459311379289e+00,1.127885885109313424e+00,1.129754711406891099e+00,1.131631139562929267e+00,1.133515373639049528e+00,1.135407620399675022e+00,1.137308089312033088e+00,1.139216992546152829e+00,1.141134544974867326e+00,1.143060964173811644e+00,1.144996470421424384e+00,1.146941286698946572e+00,1.148895638690422993e+00,1.150859754782700417e+00,1.152833866065429147e+00,1.154818206331062136e+00,1.156813012074855651e+00,1.158818522494867942e+00,1.160834979491961461e+00,1.162862627669800419e+00,1.164901714334852567e+00,1.166952489496389189e+00,1.169015205866483109e+00,1.171090118860010687e+00,1.173177486594651597e+00,1.175277569890888385e+00,1.177390632272005799e+00,1.179516939964091904e+00,1.181656761896038077e+00,1.183810369699538345e+00,1.185978037709089383e+00,1.188160042961990959e+00,1.190356665198346153e+00,1.192568186861060697e+00,1.194794893095843191e+00,1.197037071751204440e+00,1.199295013378459895e+00,1.201569011231726547e+00,1.203859361267924699e+00,1.206166362146777304e+00,1.208490315230811074e+00,1.210831524585354924e+00,1.213190296978540861e+00,1.215566941881303542e+00,1.217961771467381160e+00,1.220375100613314556e+00,1.222807246898447442e+00,1.225258530604925955e+00,1.227729274717699992e+00,1.230219804924522542e+00,1.232730449615948354e+00,1.235261539885336157e+00,1.237813409528846886e+00,1.240386395045445012e+00,1.242980835636897652e+00,1.245597073207774574e+00,1.248235452365449305e+00,1.250896320420096908e+00,1.253580027384697093e+00,1.256286925975031110e+00,1.259017371609683522e+00,1.261771722410042651e+00,1.264550339200298135e+00,1.267353585507443814e+00,1.270181827561276178e+00,1.273035434294394141e+00,1.275914777342200379e+00,1.278820231042899769e+00,1.281752172437500503e+00,1.284710981269813646e+00,1.287697039986452907e+00,1.290710733736835536e+00,1.293752450373180762e+00,1.296822580450511353e+00,1.299921517226653611e+00,1.303049656662235378e+00,1.306207397420688476e+00,1.309395140868247154e+00,1.312613291073948751e+00,1.315862254809633702e+00,1.319142441549944866e+00,1.322454263472328417e+00,1.325798135457033844e+00,1.329174475087112617e+00,1.332583702648419965e+00,1.336026241129613101e+00,1.339502516222153439e+00,1.343012956320304152e+00,1.346557992521132174e+00,1.350138058624506865e+00,1.353753591133100453e+00,1.357405029252388484e+00,1.361092814890649594e+00,1.364817392658964179e+00,1.368579209871217284e+00,1.372378716544095045e+00,1.376216365397088470e+00,1.380092611852489437e+00,1.384007914035394471e+00,1.387962732773702079e+00,1.391957531598113862e+00,1.395992776742134733e+00,1.400068937142072034e+00,1.404186484437036198e+00,1.408345892968940749e+00,1.412547639782501863e+00,1.416792204625239027e+00,1.421080069947473712e+00,1.425411720902331814e+00,1.429787645345740987e+00,1.434208333836432203e+00,1.438674279635939079e+00,1.443185978708599215e+00,1.447743929721551304e+00,1.452348634044738462e+00,1.457000595750906458e+00,1.461700321615603704e+00,1.466448321117181042e+00,1.471245106436793293e+00,1.476091192458397927e+00,1.480987096768754840e+00,1.485933339657426799e+00,1.490930444116780773e+00,1.495978935841984825e+00,1.501079343231011221e+00,1.506232197384635096e+00,1.511438032106433571e+00
T_C,0.000000000000000000e+00,1.030150753768844076e-03,2.060301507537688152e-03,3.090452261306532444e-03,4.120603015075376303e-03,5.150753768844220162e-03,6.180904522613064021e-03,7.211055276381907880e-03,8.241206030150752607e-03,9.271356783919597333e-03,1.030150753768844206e-02,1.133165829145728679e-02,1.236180904522613151e-02,1.339195979899497624e-02,1.442211055276382096e-02,1.545226130653266569e-02,1.648241206030150868e-02,1.751256281407035167e-02,1.854271356783919467e-02,1.957286432160803766e-02,2.060301507537688065e-02,2.163316582914572364e-02,2.266331658291456663e-02,2.369346733668340962e-02,2.472361809045225262e-02,2.575376884422109561e-02,2.678391959798993860e-02,2.781407035175878159e-02,2.884422110552762458e-02,2.987437185929646757e-02,3.090452261306531057e-02,3.193467336683415703e-02,3.296482412060300349e-02,3.399497487437184995e-02,3.502512562814069641e-02,3.605527638190954287e-02,3.708542713567838933e-02,3.811557788944723579e-02,3.914572864321608225e-02,4.017587939698492872e-02,4.120603015075377518e-02,4.223618090452262164e-02,4.326633165829146810e-02,4.429648241206031456e-02,4.532663316582916102e-02,4.635678391959800748e-02,4.738693467336685394e-02,4.841708542713570040e-02,4.944723618090454687e-02,5.047738693467339333e-02,5.150753768844223979e-02,5.253768844221108625e-02,5.356783919597993271e-02,5.459798994974877917e-02,5.562814070351762563e-02,5.665829145728647209e-02,5.768844221105531855e-02,5.871859296482416501e-02,5.974874371859301148e-02,6.077889447236185794e-02,6.180904522613070440e-02,6.283919597989955086e-02,6.386934673366839732e-02,6.489949748743724378e-02,6.592964824120609024e-02,6.695979899497493670e-02,6.798994974874378316e-02,6.902010050251262963e-02,7.005025125628147609e-02,7.108040201005032255e-02,7.211055276381916901e-02,7.314070351758801547e-02,7.417085427135686193e-02,7.520100502512570839e-02,7.623115577889455485e-02,7.726130653266340131e-02,7.829145728643224778e-02,7.932160804020109424e-02,8.035175879396994070e-02,8.138190954773878716e-02,8.241206030150763362e-02,8.344221105527648008e-02,8.447236180904532654e-02,8.550251256281417300e-02,8.653266331658301946e-02,8.756281407035186592e-02,8.859296482412071239e-02,8.962311557788955885e-02,9.065326633165840531e-02,9.168341708542725177e-02,9.271356783919609823e-02,9.374371859296494469e-02,9.477386934673379115e-02,9.580402010050263761e-02,9.683417085427148407e-02,9.786432160804033054e-02,9.889447236180917700e-02,9.992462311557802346e-02,1.009547738693468699e-01,1.019849246231157164e-01,1.030150753768845628e-01,1.040452261306534093e-01,1.050753768844222558e-01,1.061055276381911022e-01,1.071356783919599487e-01,1.081658291457287951e-01,1.091959798994976416e-01,1.102261306532664881e-01,1.112562814070353345e-01,1.122864321608041810e-01,1.133165829145730275e-01,1.143467336683418739e-01,1.153768844221107204e-01,1.164070351758795668e-01,1.174371859296484133e-01,1.184673366834172598e-01,1.194974874371861062e-01,1.205276381909549527e-01,1.215577889447237991e-01,1.225879396984926456e-01,1.236180904522614921e-01,1.246482412060303385e-01,1.256783919597991850e-01,1.267085427135680176e-01,1.277386934673368502e-01,1.287688442211056827e-01,1.297989949748745153e-01,1.308291457286433479e-01,1.318592964824121805e-01,1.328894472361810131e-01,1.339195979899498457e-01,1.349497487437186782e-01,1.359798994974875108e-01,1.370100502512563434e-01,1.380402010050251760e-01,1.390703517587940086e-01,1.401005025125628412e-01,1.411306532663316737e-01,1.421608040201005063e-01,1.431909547738693389e-01,1.442211055276381715e-01,1.452512562814070041e-01,1.462814070351758367e-01,1.473115577889446692e-01,1.483417085427135018e-01,1.493718592964823344e-01,1.504020100502511670e-01,1.514321608040199996e-01,1.524623115577888322e-01,1.534924623115576647e-01,1.545226130653264973e-01,1.555527638190953299e-01,1.565829145728641625e-01,1.576130653266329951e-01,1.586432160804018277e-01,1.596733668341706602e-01,1.607035175879394928e-01,1.617336683417083254e-01,1.627638190954771580e-01,1.637939698492459906e-01,1.648241206030148231e-01,1.658542713567836557e-01,1.668844221105524883e-01,1.679145728643213209e-01,1.689447236180901535e-01,1.699748743718589861e-01,1.710050251256278186e-01,1.720351758793966512e-01,1.730653266331654838e-01,1.740954773869343164e-01,1.751256281407031490e-01,1.761557788944719816e-01,1.771859296482408141e-01,1.782160804020096467e-01,1.792462311557784793e-01,1.802763819095473119e-01,1.813065326633161445e-01,1.823366834170849771e-01,1.833668341708538096e-01,1.843969849246226422e-01,1.854271356783914748e-01,1.864572864321603074e-01,1.874874371859291400e-01,1.885175879396979726e-01,1.895477386934668051e-01,1.905778894472356377e-01,1.916080402010044703e-01,1.926381909547733029e-01,1.936683417085421355e-01,1.946984924623109681e-01,1.957286432160798006e-01,1.967587939698486332e-01,1.977889447236174658e-01,1.988190954773862984e-01,1.998492462311551310e-01,2.008793969849239636e-01,2.019095477386927961e-01,2.029396984924616287e-01,2.039698492462304613e-01,2.049999999999992939e-01
Torenbeek,1.000000000000000000e+00,1.002781407147792736e+00,1.005562815872220517e+00,1.008344230227487426e+00,1.011125656970601305e+00,1.013907105561372202e+00,1.016688588162413254e+00,1.019470119639140471e+00,1.022251717559772954e+00,1.025033402195332677e+00,1.027815196519644481e+00,1.030597126209335856e+00,1.033379219643838054e+00,1.036161507905384305e+00,1.038944024779011377e+00,1.041726806752558909e+00,1.044509893016668745e+00,1.047293325464786706e+00,1.050077148693161044e+00,1.052861410000842879e+00,1.055646159389685979e+00,1.058431449564348092e+00,1.061217335932288730e+00,1.064003876603770937e+00,1.066791132391859964e+00,1.069579166812425486e+00,1.072368046084138715e+00,1.075157839128474402e+00,1.077948617569709500e+00,1.080740455734925165e+00,1.083533430654004537e+00,1.086327622059633846e+00,1.089123112387301973e+00,1.091919986775301776e+00,1.094718333064728100e+00,1.097518241799478655e+00,1.100319806226254471e+00,1.103123122294559222e+00,1.105928288656700342e+00,1.108735406667786805e+00,1.111544580385731784e+00,1.114355916571250216e+00,1.117169524687861015e+00,1.119985516901885525e+00,1.122804008082448179e+00,1.125625115801476062e+00,1.128448960333699347e+00,1.131275664656650859e+00,1.134105354450667180e+00,1.136938158098887097e+00,1.139774206687252267e+00,1.142613634004507439e+00,1.145456576542200677e+00,1.148303173494682472e+00,1.151153566759106406e+00,1.154007900935428932e+00,1.156866323326409596e+00,1.159728983937610591e+00,1.162596035477397205e+00,1.165467633356938038e+00,1.168343935690203672e+00,1.171225103293968228e+00,1.174111299687808918e+00,1.177002691094105824e+00,1.179899446438041455e+00,1.182801737347601634e+00,1.185709738153574611e+00,1.188623625889552837e+00,1.191543580291930526e+00,1.194469783799904761e+00,1.197402421555476382e+00,1.200341681403448213e+00,1.203287753891427059e+00,1.206240832269821928e+00,1.209201112491844476e+00,1.212168793213510343e+00,1.215144075793636702e+00,1.218127164293845155e+00,1.221118265478559062e+00,1.224117588815005320e+00,1.227125346473213252e+00,1.230141753326015941e+00,1.233167026949048672e+00,1.236201387620749603e+00,1.239245058322360205e+00,1.242298264737924818e+00,1.245361235254290433e+00,1.248434200961107354e+00,1.251517395650828757e+00,1.254611055818710463e+00,1.257715420662810946e+00,1.260830732083992656e+00,1.263957234685920028e+00,1.267095175775060589e+00,1.270244805360685403e+00,1.273406376154867514e+00,1.276580143572483284e+00,1.279766365731212607e+00,1.282965303451537586e+00,1.286177220256743192e+00,1.289402382372917488e+00,1.292641058728952075e+00,1.295893520956540534e+00,1.299160043390179764e+00,1.302440903067169753e+00,1.305736379727613361e+00,1.309046755814415874e+00,1.312372316473286560e+00,1.315713349552736222e+00,1.319070145604079869e+00,1.322442997881434712e+00,1.325832202341721056e+00,1.329238057644662074e+00,1.332660865152784258e+00,1.336100928931416298e+00,1.339558555748690205e+00,1.343034055075541300e+00,1.346527739085707331e+00,1.350039922655728919e+00,1.353570923364949774e+00,1.357121061495516701e+00,1.360690660032379151e+00,1.364280044663289893e+00,1.367889543778804118e+00,1.371519488472279891e+00,1.375170212539879033e+00,1.378842052480565128e+00,1.382535347496106182e+00,1.386250439491071518e+00,1.389987673072834218e+00,1.393747395551570234e+00,1.397529956940258611e+00,1.401335709954680819e+00,1.405165010013421645e+00,1.409018215237868965e+00,1.412895686452212640e+00,1.416797787183446511e+00,1.420724883661367066e+00,1.424677344818573443e+00,1.428655542290467872e+00,1.432659850415255454e+00,1.436690646233944602e+00,1.440748309490345713e+00,1.444833222631073388e+00,1.448945770805544209e+00,1.453086341865977626e+00,1.457255326367396631e+00,1.461453117567626858e+00,1.465680111427297039e+00,1.469936706609838328e+00,1.474223304481485419e+00,1.478540309111275208e+00,1.482888127271048351e+00,1.487267168435447706e+00,1.491677844781919671e+00,1.496120571190713289e+00,1.500595765244880253e+00,1.505103847230275793e+00,1.509645240135557120e+00,1.514220369652185649e+00,1.518829664174424776e+00,1.523473554799340990e+00,1.528152475326803872e+00,1.532866862259485652e+00,1.537617154802862096e+00,1.542403794865211397e+00,1.547227227057614396e+00,1.552087898693955470e+00,1.556986259790921867e+00,1.561922763068003039e+00,1.566897863947492420e+00,1.571912020554485867e+00,1.576965693716881445e+00,1.582059346965381641e+00,1.587193446533490704e+00,1.592368461357516196e+00,1.597584863076568773e+00,1.602843126032561294e+00,1.608143727270210821e+00,1.613487146537035954e+00,1.618873866283359053e+00,1.624304371662305568e+00,1.629779150529802934e+00,1.635298693444582341e+00,1.640863493668177409e+00,1.646474047164925736e+00,1.652130852601966238e+00,1.657834411349241810e+00,1.663585227479497775e+00,1.669383807768283212e+00,1.675230661693948742e+00,1.681126301437649406e+00,1.687071241883342232e+00,1.693066000617787559e+00,1.699111097930547931e+00,1.705207056813989652e+00,1.711354402963282118e+00,1.717553664776396927e+00,1.723805373354108994e+00,1.730110062499995660e+00
